LanguageTag,TargetTag,Quantity,ChuyenNganh
c#,asp.net-core,612,Web Backend
c#,unity-game-engine,368,Game Development
c#,entity-framework-core,278,Web Backend
c#,azure,193,DevOps & Cloud
c#,asp.net,188,Web Backend
c#,asp.net-core-webapi,138,Web Backend
c#,android,92,Mobile App
c#,azure-functions,91,DevOps & Cloud
c#,sql-server,89,Database
c#,asp.net-core-mvc,85,Web Backend
c#,entity-framework,78,Web Backend
c#,asp.net-mvc,74,Web Backend
c#,authentication,49,Web Backend
c#,docker,45,DevOps & Cloud
c#,mudblazor,39,Database
c#,postgresql,37,Database
c#,asp.net-web-api,36,Web Backend
c#,jwt,36,Web Backend
c#,asp.net-core-8,29,Web Backend
c#,ios,29,Mobile App
c#,asp.net-core-identity,28,Web Backend
c#,mongodb,28,Database
c#,html,28,Web Frontend
c#,sql,24,Database
c#,amazon-web-services,24,DevOps & Cloud
c#,azure-devops,24,DevOps & Cloud
c#,npgsql,23,Database
c++,opengl,37,Game Development
c++,lambda,36,DevOps & Cloud
c++,android,32,Mobile App
c++,gdb,31,Database
c++,opencv,29,Data Science & AI
c++,vulkan,27,Game Development
c++,unreal-engine5,24,Game Development
go,postgresql,19,Database
go,docker,18,DevOps & Cloud
go,kubernetes,18,DevOps & Cloud
go,mongodb,10,Database
go,apache-kafka,8,DevOps & Cloud
go,google-cloud-platform,8,DevOps & Cloud
go,aws-lambda,7,DevOps & Cloud
go,redis,7,Database
go,sqlc,7,Database
go,html,6,Web Frontend
go,amazon-web-services,6,DevOps & Cloud
go,docker-compose,5,DevOps & Cloud
go,amazon-s3,5,DevOps & Cloud
go,sqlite,5,Database
go,graphql,5,Web Backend
go,azure,4,DevOps & Cloud
go,backend,4,Web Backend
go,sql,4,Database
go,flutter,4,Mobile App
go,google-cloud-pubsub,4,DevOps & Cloud
go,reactjs,4,Web Frontend
go,common-expression-language,3,Web Backend
go,mysql,3,Database
go,kubernetes-custom-resources,3,DevOps & Cloud
go,cookies,3,Web Backend
go,google-cloud-build,3,DevOps & Cloud
java,spring-boot,1301,Web Backend
java,spring,851,Web Backend
java,android,492,Mobile App
java,hibernate,305,Web Backend
java,gradle,193,Mobile App
java,kotlin,190,Mobile App
java,spring-data-jpa,133,Web Backend
java,spring-security,96,Web Backend
java,postgresql,94,Database
java,apache-kafka,90,DevOps & Cloud
java,docker,85,DevOps & Cloud
java,tomcat,74,Web Backend
java,spring-mvc,65,Web Backend
java,spring-webflux,64,Web Backend
java,android-studio,62,Mobile App
java,flutter,61,Mobile App
java,jdbc,60,Database
java,amazon-web-services,58,DevOps & Cloud
java,spring-kafka,52,Web Backend
java,apache-camel,45,DevOps & Cloud
java,sql,45,Database
java,azure,44,DevOps & Cloud
java,apache-flink,42,DevOps & Cloud
java,oracle-database,41,Database
java,apache-spark,39,DevOps & Cloud
java,redis,37,Database
java,apache-poi,36,DevOps & Cloud
java,mongodb,35,Database
java,amazon-s3,33,DevOps & Cloud
java,spring-data,31,Web Backend
java,spring-batch,31,Web Backend
java,project-reactor,29,Web Frontend
java,html,29,Web Frontend
java,spring-ai,28,Web Backend
java,oauth-2.0,25,Web Backend
java,authentication,22,Web Backend
javascript,html,1119,Web Frontend
javascript,reactjs,1089,Web Frontend
javascript,css,678,Web Frontend
javascript,typescript,580,Web Frontend
javascript,node.js,544,Web Backend
javascript,next.js,292,Web Frontend
javascript,jquery,251,Web Frontend
javascript,react-native,229,Mobile App
javascript,angular,228,Web Frontend
javascript,vue.js,184,Web Frontend
javascript,firebase,122,Database
javascript,php,117,Web Backend
javascript,vite,107,Web Frontend
javascript,android,94,Mobile App
javascript,express,87,Web Backend
javascript,tailwind-css,79,Web Frontend
javascript,dom,79,Web Frontend
javascript,vuejs3,78,Web Frontend
javascript,ios,74,Mobile App
javascript,three.js,69,Web Frontend
javascript,webpack,67,Web Frontend
javascript,firebase-authentication,57,Web Backend
javascript,ajax,57,Web Frontend
javascript,svelte,56,Web Frontend
javascript,laravel,53,Web Backend
javascript,google-cloud-functions,50,DevOps & Cloud
javascript,canvas,49,Web Frontend
javascript,react-hooks,47,Web Frontend
javascript,google-cloud-firestore,43,DevOps & Cloud
javascript,animation,42,Game Development
javascript,html5-canvas,41,Web Frontend
javascript,axios,37,Mobile App
javascript,nestjs,35,Web Backend
javascript,django,34,Web Backend
javascript,react-router,34,Web Frontend
javascript,cookies,34,Web Backend
javascript,mongodb,34,Database
javascript,bootstrap-5,28,Web Frontend
javascript,nuxt.js,28,Web Frontend
javascript,asp.net-core,27,Web Backend
javascript,amazon-web-services,23,DevOps & Cloud
javascript,mobile,23,Mobile App
php,laravel,568,Web Backend
php,symfony,110,Web Backend
php,html,96,Web Frontend
php,docker,61,DevOps & Cloud
php,apache,56,DevOps & Cloud
php,laravel-11,54,Web Backend
php,ajax,49,Web Frontend
php,laravel-livewire,42,Web Backend
php,laravel-12,41,Web Backend
php,mysql,40,Database
php,laravel-filament,39,Web Backend
php,jquery,33,Web Frontend
php,nginx,31,DevOps & Cloud
php,phpunit,26,Web Backend
php,css,26,Web Frontend
php,session,26,Web Backend
php,filamentphp,26,Web Backend
php,reactjs,24,Web Frontend
php,laravel-blade,22,Web Backend
php,composer-php,22,Web Backend
php,laravel-10,19,Web Backend
php,authentication,17,Web Backend
php,sql,15,Database
php,amazon-web-services,14,DevOps & Cloud
php,mysqli,14,Database
php,phpstorm,14,Web Backend
php,phpstan,13,Web Backend
php,google-cloud-platform,13,DevOps & Cloud
php,php-8.2,12,Web Backend
php,vue.js,12,Web Frontend
php,postgresql,12,Database
php,cookies,11,Web Backend
php,jwt,11,Web Backend
php,laravel-8,11,Web Backend
php,mariadb,11,Database
php,phpword,11,Web Backend
php,docker-compose,11,DevOps & Cloud
php,oauth-2.0,10,Web Backend
php,laravel-sanctum,10,Web Backend
php,sql-server,10,Database
php,php-8.4,9,Web Backend
php,firebase,9,Database
php,odbc,9,Database
python,pandas,1003,Data Science & AI
python,dataframe,570,Data Science & AI
python,numpy,534,Data Science & AI
python,django,500,Web Backend
python,matplotlib,432,Data Science & AI
python,pytorch,330,Data Science & AI
python,flask,286,Web Backend
python,fastapi,242,Web Backend
python,tensorflow,237,Data Science & AI
python,sqlalchemy,204,Database
python,azure,189,DevOps & Cloud
python,docker,184,DevOps & Cloud
python,jupyter-notebook,169,Data Science & AI
python,opencv,137,Data Science & AI
python,postgresql,135,Database
python,plotly,133,Data Science & AI
python,deep-learning,120,Data Science & AI
python,keras,117,Data Science & AI
python,html,114,Web Frontend
python,amazon-web-services,96,DevOps & Cloud
python,huggingface-transformers,91,Data Science & AI
python,apache-spark,81,DevOps & Cloud
python,conda,78,Data Science & AI
python,scikit-learn,76,Data Science & AI
python,azure-functions,74,DevOps & Cloud
python,google-cloud-platform,71,DevOps & Cloud
python,seaborn,64,Data Science & AI
python,django-rest-framework,61,Web Backend
python,sqlite,61,Database
python,nlp,58,Data Science & AI
python,sql,57,Database
rust,docker,11,DevOps & Cloud
rust,rust-sqlx,9,Database
rust,postgresql,8,Database
rust,android,8,Mobile App
rust,dataframe,7,Data Science & AI
swift,ios,1036,Mobile App
swift,swiftui,848,Mobile App
swift,xcode,141,Mobile App
swift,uikit,138,Mobile App
swift,swiftdata,73,Mobile App
swift,ios26,64,Mobile App
swift,swift-concurrency,46,Mobile App
swift,flutter,42,Mobile App
swift,swift6,41,Mobile App
swift,firebase,40,Database
swift,react-native,36,Mobile App
swift,animation,31,Game Development
swift,swiftui-navigationstack,19,Mobile App
swift,swift-package-manager,18,Mobile App
swift,swiftui-list,17,Mobile App
swift,swiftui-tabview,15,Mobile App
swift,widgetliveactivity,14,Mobile App
swift,urlsession,13,Web Backend
swift,google-cloud-firestore,12,DevOps & Cloud
swift,ios18,12,Mobile App
swift,firebase-authentication,11,Web Backend
swift,mobile,10,Mobile App
swift,swiftui-scrollview,10,Mobile App
swift,swiftui-navigationlink,9,Mobile App
swift,swiftui-sheet,9,Mobile App
swift,sprite-kit,8,Game Development
swift,xcode16,8,Mobile App
swift,cocoapods,7,Mobile App
swift,swift-macro,7,Mobile App
swift,swiftui-charts,7,Mobile App
swift,swift-testing,7,Mobile App
swift,kotlin,7,Mobile App
typescript,angular,517,Web Frontend
typescript,reactjs,502,Web Frontend
typescript,next.js,290,Web Frontend
typescript,node.js,274,Web Backend
typescript,react-native,133,Mobile App
typescript,typescript-generics,123,Web Frontend
typescript,nestjs,103,Web Backend
typescript,vite,82,Web Frontend
typescript,html,80,Web Frontend
typescript,vue.js,77,Web Frontend
typescript,angular-signals,64,Web Frontend
typescript,express,60,Web Backend
typescript,css,45,Web Frontend
typescript,tailwind-css,40,Web Frontend
typescript,webpack,37,Web Frontend
typescript,vuejs3,37,Web Frontend
typescript,react-hook-form,31,Web Frontend
typescript,angular-material,31,Web Frontend
typescript,firebase,30,Database
typescript,angular19,29,Web Frontend
typescript,postgresql,28,Database
typescript,nuxt.js,26,Web Frontend
typescript,svelte,26,Web Frontend
typescript,next-auth,24,Web Backend
typescript,mongodb,23,Database
typescript,axios,21,Mobile App
typescript,vitest,21,Web Frontend
typescript,react-typescript,21,Web Frontend
typescript,graphql,19,Web Backend
typescript,amazon-web-services,18,DevOps & Cloud
typescript,typescript-eslint,16,Web Frontend
typescript,server-side-rendering,16,Game Development
typescript,nuxt3.js,16,Web Frontend
typescript,playwright-typescript,15,Web Frontend
typescript,authentication,15,Web Backend
typescript,jwt,14,Web Backend
typescript,ios,14,Mobile App
typescript,android,14,Mobile App
typescript,angular-reactive-forms,13,Web Frontend
typescript,angular-httpclient,13,Web Frontend
typescript,aws-cdk,13,DevOps & Cloud
typescript,google-cloud-firestore,13,DevOps & Cloud
typescript,angular20,12,Web Frontend
typescript,ts-node,12,Web Backend
typescript,next.js15,12,Web Frontend
typescript,azure,11,DevOps & Cloud
typescript,aws-lambda,11,DevOps & Cloud
