LanguageTag,TargetTag,Quantity
"c#",".net","1093"
"c#","asp.net-core","612"
"c#","unity-game-engine","368"
"c#","blazor","319"
"c#",".net-8.0","310"
"c#","maui","292"
"c#","entity-framework-core","278"
"c#","wpf","264"
"c#",".net-core","240"
"c#","winforms","217"
"c#","visual-studio","209"
"c#",".net-9.0","196"
"c#","azure","193"
"c#","asp.net","188"
"c#","xaml","154"
"c#","asp.net-core-webapi","138"
"c#","windows","105"
"c#","android","92"
"c#","azure-functions","91"
"c#","linq","90"
"c#","sql-server","89"
"c#","asp.net-core-mvc","85"
"c#","dependency-injection","80"
"c#","entity-framework","78"
"c#","blazor-server-side","78"
"c#","json","75"
"c#","asp.net-mvc","74"
"c#","microsoft-graph-api","72"
"c#","winui-3","72"
"c#","multithreading","65"
"c#","unit-testing","65"
"c#","async-await","62"
"c#","blazor-webassembly","62"
"c#",".net-4.8","58"
"c#","visual-studio-2022","57"
"c#","javascript","55"
"c#","xml","54"
"c#","visual-studio-code","54"
"c#","authentication","49"
"c#","system.text.json","49"
"c#","generics","49"
"c#","mvvm","47"
"c#","nuget","47"
"c#","docker","45"
"c#","selenium-webdriver","45"
"c#","dotnet-httpclient","44"
"c#","asynchronous","42"
"c#","avalonia","41"
"c#","avaloniaui","39"
"c#","mudblazor","39"
"c#","game-development","39"
"c#","winui","38"
"c#","excel","37"
"c#","xunit","37"
"c#","postgresql","37"
"c#","asp.net-web-api","36"
"c#","jwt","36"
"c#","msbuild","36"
"c#","json.net","35"
"c#","c++","35"
"c#","iis","35"
"c#","razor","34"
"c#","itext","31"
"c#","linux","31"
"c#","uwp","31"
"c#","masstransit","31"
"c#","performance","30"
"c#","pdf","30"
"c#","powershell","29"
"c#","asp.net-core-8","29"
"c#","logging","29"
"c#","ios","29"
"c#","asp.net-core-identity","28"
"c#","mongodb","28"
"c#","html","28"
"c#","dotnet-aspire","28"
"c#","reflection","28"
"c#","moq","28"
"c#","task","28"
"c#","webforms","28"
"c#","inheritance","28"
"c#","wcf","27"
"c#","serilog","27"
"c#","razor-pages","26"
"c#","serialization","25"
"c#","roslyn","25"
"c#","dll","25"
"c#","windows-app-sdk","24"
"c#","microsoft-graph-sdks","24"
"c#","sql","24"
"c#",".net-10.0","24"
"c#","arrays","24"
"c#","amazon-web-services","24"
"c#","azure-devops","24"
"c#","regex","23"
"c#","datagrid","23"
"c#","rabbitmq","23"
"c#","npgsql","23"
"c#","com","23"
"c#","ef-core-8.0","23"
"c++","c++20","313"
"c++","templates","258"
"c++","language-lawyer","244"
"c++","windows","225"
"c++","cmake","213"
"c++","winapi","174"
"c++","qt","163"
"c++","c++23","155"
"c++","c++17","153"
"c++","multithreading","144"
"c++","boost","131"
"c++","gcc","119"
"c++","linux","101"
"c++","boost-asio","97"
"c++","clang","94"
"c++","visual-studio","93"
"c++","visual-c++","90"
"c++","c","85"
"c++","c++-concepts","83"
"c++","c++11","79"
"c++","visual-studio-code","70"
"c++","atomic","65"
"c++","python","65"
"c++","std","64"
"c++","g++","57"
"c++","constexpr","55"
"c++","std-ranges","49"
"c++","pointers","48"
"c++","visual-studio-2022","47"
"c++","cuda","46"
"c++","arrays","45"
"c++","undefined-behavior","45"
"c++","dll","43"
"c++","inheritance","42"
"c++","performance","41"
"c++","algorithm","41"
"c++","c++-modules","40"
"c++","debugging","40"
"c++","variadic-templates","40"
"c++","macos","37"
"c++","opengl","37"
"c++","linker","36"
"c++","lambda","36"
"c++","vector","36"
"c++","c++26","35"
"c++","c#","35"
"c++","arduino","34"
"c++","qt6","33"
"c++","android","32"
"c++","stdatomic","32"
"c++","constructor","31"
"c++","stdvector","31"
"c++","optimization","31"
"c++","gdb","31"
"c++","mfc","30"
"c++","iterator","30"
"c++","opencv","29"
"c++","exception","29"
"c++","c++-coroutine","28"
"c++","memory","28"
"c++","vulkan","27"
"c++","clang++","27"
"c++","memory-management","27"
"c++","clion","27"
"c++","compiler-errors","27"
"c++","sfml","27"
"c++","stl","27"
"c++","class","26"
"c++","boost-beast","25"
"c++","compiler-optimization","25"
"c++","memory-barriers","24"
"c++","googletest","24"
"c++","unreal-engine5","24"
"c++","windows-shell","24"
"c++","standards","23"
"c++","template-meta-programming","23"
"c++","string","23"
"c++","polymorphism","23"
"c++","network-programming","23"
"c++","operator-overloading","22"
"c++","reference","22"
"c++","c++14","22"
"c++","c++-chrono","22"
"c++","pybind11","22"
"c++","shared-libraries","22"
"c++","glfw","21"
"c++","eigen","21"
"c++","constants","21"
"c++","openmp","21"
"c++","qml","21"
"c++","std-filesystem","20"
"c++","lifetime","20"
"c++","sdl","20"
"c++","sfinae","20"
"c++","function","20"
"c++","move-semantics","20"
"c++","struct","20"
"c++","qt5","19"
"c++","type-traits","19"
"c++","parallel-processing","19"
"go","json","20"
"go","goroutine","19"
"go","postgresql","19"
"go","docker","18"
"go","go-gorm","18"
"go","kubernetes","18"
"go","linux","18"
"go","cgo","15"
"go","fyne","14"
"go","http","13"
"go","grpc","13"
"go","windows","13"
"go","struct","12"
"go","go-gin","12"
"go","generics","11"
"go","database","10"
"go","arrays","10"
"go","mongodb","10"
"go","concurrency","10"
"go","macos","9"
"go","visual-studio-code","8"
"go","apache-kafka","8"
"go","go-fiber","8"
"go","google-cloud-platform","8"
"go","c","7"
"go","aws-lambda","7"
"go","redis","7"
"go","sqlc","7"
"go","go-modules","6"
"go","unit-testing","6"
"go","go-templates","6"
"go","ssh","6"
"go","html","6"
"go","amazon-web-services","6"
"go","interface","6"
"go","channel","6"
"go","dictionary","6"
"go","goland","6"
"go","protocol-buffers","6"
"go","xml","5"
"go","docker-compose","5"
"go","grpc-go","5"
"go","amazon-s3","5"
"go","sqlite","5"
"go","delve","5"
"go","orm","5"
"go","graphql","5"
"go","terminal","5"
"go","webrtc","5"
"go","git","5"
"go","unmarshalling","5"
"go","swagger","4"
"go","pgx","4"
"go","slice","4"
"go","logging","4"
"go","tcp","4"
"go","winapi","4"
"go","pointers","4"
"go","deadlock","4"
"go","controller-runtime","4"
"go","testing","4"
"go","open-telemetry","4"
"go","azure","4"
"go","backend","4"
"go","sql","4"
"go","flutter","4"
"go","google-cloud-pubsub","4"
"go","go-cobra","4"
"go","reactjs","4"
"go","websocket","4"
"go","io","3"
"go","common-expression-language","3"
"go","udp","3"
"go","open-telemetry-collector","3"
"go","python","3"
"go","cors","3"
"go","gorilla","3"
"go","c++","3"
"go","rust","3"
"go","environment-variables","3"
"go","mocking","3"
"go","confluent-kafka-go","3"
"go","mysql","3"
"go","plugins","3"
"go","command-line-interface","3"
"go","metrics","3"
"go","wails","3"
"go","golangci-lint","3"
"go","gqlgen","3"
"go","gcc","3"
"go","kubernetes-custom-resources","3"
"go","go-http","3"
"go","cookies","3"
"go","memory","3"
"go","sockets","3"
"go","ffi","3"
"go","file","3"
"go","google-cloud-build","3"
"go","abstract-syntax-tree","3"
"go","pty","3"
"java","spring-boot","1301"
"java","spring","851"
"java","android","492"
"java","maven","376"
"java","hibernate","305"
"java","gradle","193"
"java","kotlin","190"
"java","jpa","181"
"java","javafx","155"
"java","swing","149"
"java","intellij-idea","136"
"java","spring-data-jpa","133"
"java","eclipse","123"
"java","quarkus","109"
"java","spring-security","96"
"java","postgresql","94"
"java","selenium-webdriver","93"
"java","apache-kafka","90"
"java","docker","85"
"java","multithreading","81"
"java","jackson","76"
"java","tomcat","74"
"java","junit","73"
"java","spring-mvc","65"
"java","spring-webflux","64"
"java","xml","64"
"java","android-studio","62"
"java","flutter","61"
"java","jdbc","60"
"java","mockito","58"
"java","amazon-web-services","58"
"java","ssl","53"
"java","spring-kafka","52"
"java","lombok","52"
"java","json","50"
"java","jvm","49"
"java","rest","48"
"java","visual-studio-code","47"
"java","unit-testing","46"
"java","pdfbox","46"
"java","junit5","46"
"java","mapstruct","46"
"java","generics","45"
"java","apache-camel","45"
"java","sql","45"
"java","azure","44"
"java","apache-flink","42"
"java","oracle-database","41"
"java","openapi","40"
"java","keycloak","40"
"java","testing","40"
"java","algorithm","39"
"java","apache-spark","39"
"java","arrays","38"
"java","redis","37"
"java","jar","37"
"java","javascript","37"
"java","java-21","36"
"java","minecraft","36"
"java","apache-poi","36"
"java","concurrency","35"
"java","mongodb","35"
"java","logging","34"
"java","macos","34"
"java","windows","33"
"java","amazon-s3","33"
"java","pdf","33"
"java","scala","32"
"java","linux","32"
"java","java-stream","31"
"java","spring-data","31"
"java","spring-batch","31"
"java","graalvm","30"
"java","jaxb","30"
"java","project-reactor","29"
"java","pom.xml","29"
"java","database","29"
"java","testcontainers","29"
"java","html","29"
"java","spring-ai","28"
"java","java-17","28"
"java","thymeleaf","28"
"java","microservices","28"
"java","swagger","27"
"java","exception","27"
"java","performance","27"
"java","jboss","27"
"java","itext","27"
"java","awt","26"
"java","oauth-2.0","25"
"java","encryption","24"
"java","websocket","24"
"java","log4j2","23"
"java","python","23"
"java","caching","23"
"java","wildfly","23"
"java","dependency-injection","22"
"java","authentication","22"
"java","annotations","22"
"java","groovy","22"
"javascript","html","1119"
"javascript","reactjs","1089"
"javascript","css","678"
"javascript","typescript","580"
"javascript","node.js","544"
"javascript","next.js","292"
"javascript","jquery","251"
"javascript","react-native","229"
"javascript","angular","228"
"javascript","vue.js","184"
"javascript","firebase","122"
"javascript","php","117"
"javascript","arrays","109"
"javascript","vite","107"
"javascript","google-chrome-extension","104"
"javascript","google-apps-script","102"
"javascript","android","94"
"javascript","python","92"
"javascript","google-chrome","91"
"javascript","express","87"
"javascript","tailwind-css","79"
"javascript","dom","79"
"javascript","vuejs3","78"
"javascript","ios","74"
"javascript","expo","73"
"javascript","svg","71"
"javascript","three.js","69"
"javascript","webpack","67"
"javascript","json","66"
"javascript","google-sheets","64"
"javascript","firebase-authentication","57"
"javascript","ajax","57"
"javascript","svelte","56"
"javascript","wordpress","55"
"javascript","c#","55"
"javascript","frontend","55"
"javascript","npm","54"
"javascript","electron","53"
"javascript","laravel","53"
"javascript","jestjs","53"
"javascript","browser","51"
"javascript","iframe","51"
"javascript","fetch-api","50"
"javascript","google-cloud-functions","50"
"javascript","chart.js","49"
"javascript","canvas","49"
"javascript","visual-studio-code","47"
"javascript","react-hooks","47"
"javascript","puppeteer","45"
"javascript","cors","44"
"javascript","forms","43"
"javascript","material-ui","43"
"javascript","google-cloud-firestore","43"
"javascript","animation","42"
"javascript","playwright","42"
"javascript","async-await","41"
"javascript","html5-canvas","41"
"javascript","promise","40"
"javascript","firefox","40"
"javascript","regex","39"
"javascript","leaflet","38"
"javascript","axios","37"
"javascript","java","37"
"javascript","safari","36"
"javascript","nestjs","35"
"javascript","websocket","35"
"javascript","pdf","35"
"javascript","charts","35"
"javascript","django","34"
"javascript","react-router","34"
"javascript","cookies","34"
"javascript","mongodb","34"
"javascript","gsap","34"
"javascript","asynchronous","33"
"javascript","highcharts","33"
"javascript","function","31"
"javascript","d3.js","30"
"javascript","webrtc","30"
"javascript","r","28"
"javascript","testing","28"
"javascript","bootstrap-5","28"
"javascript","nuxt.js","28"
"javascript","object","28"
"javascript","asp.net-core","27"
"javascript","fullcalendar","26"
"javascript","mongoose","25"
"javascript","image","25"
"javascript","swiper.js","25"
"javascript","es6-modules","25"
"javascript","scroll","25"
"javascript","performance","24"
"javascript","game-development","24"
"javascript","audio","24"
"javascript","echarts","24"
"javascript","rxjs","24"
"javascript","cypress","24"
"javascript","phaser-framework","23"
"javascript","jsx","23"
"javascript","amazon-web-services","23"
"javascript","mobile","23"
"php","laravel","568"
"php","wordpress","334"
"php","woocommerce","162"
"php","javascript","117"
"php","symfony","110"
"php","html","96"
"php","docker","61"
"php","apache","56"
"php","laravel-11","54"
"php","codeigniter","51"
"php","ajax","49"
"php","laravel-livewire","42"
"php","laravel-12","41"
"php","mysql","40"
"php","laravel-filament","39"
"php","curl","39"
"php","eloquent","36"
"php","arrays","33"
"php","jquery","33"
"php","nginx","31"
"php","doctrine","30"
"php","forms","28"
"php","json","28"
"php","product","26"
"php","phpunit","26"
"php","codeigniter-4","26"
"php","css","26"
"php","session","26"
"php","filamentphp","26"
"php","pdo","25"
"php","doctrine-orm","24"
"php","reactjs","24"
"php",".htaccess","24"
"php","regex","23"
"php","laravel-blade","22"
"php","composer-php","22"
"php","email","22"
"php","plugins","20"
"php","hook-woocommerce","20"
"php","xml","19"
"php","inertiajs","19"
"php","laravel-10","19"
"php","stripe-payments","18"
"php","orders","18"
"php","authentication","17"
"php","pdf","17"
"php","xdebug","16"
"php","validation","16"
"php","visual-studio-code","16"
"php","elementor","16"
"php","rest","15"
"php","sql","15"
"php","database","15"
"php","advanced-custom-fields","14"
"php","amazon-web-services","14"
"php","shortcode","14"
"php","mysqli","14"
"php","phpstorm","14"
"php","yii2","14"
"php","phpstan","13"
"php","google-cloud-platform","13"
"php","websocket","12"
"php","php-8.2","12"
"php","windows","12"
"php","magento2","12"
"php","typo3","12"
"php","vue.js","12"
"php","postgresql","12"
"php","soap","11"
"php","gd","11"
"php","product-variations","11"
"php","cookies","11"
"php","jwt","11"
"php","wordpress-theming","11"
"php","laravel-8","11"
"php","mariadb","11"
"php","livewire-3","11"
"php","phpword","11"
"php","docker-compose","11"
"php","checkout","11"
"php","oauth-2.0","10"
"php","xampp","10"
"php","laravel-sanctum","10"
"php","datetime","10"
"php","sql-server","10"
"php","smtp","10"
"php","image","10"
"php","joomla","10"
"php","ssl","9"
"php","pagination","9"
"php","templates","9"
"php","shopware6","9"
"php","php-8.4","9"
"php","codeigniter-3","9"
"php","ubuntu","9"
"php","firebase","9"
"php","encryption","9"
"php","cart","9"
"php","testing","9"
"php","odbc","9"
"python","pandas","1003"
"python","python-3.x","622"
"python","dataframe","570"
"python","numpy","534"
"python","django","500"
"python","matplotlib","432"
"python","python-typing","350"
"python","selenium-webdriver","348"
"python","pytorch","330"
"python","python-polars","317"
"python","tkinter","307"
"python","flask","286"
"python","visual-studio-code","245"
"python","fastapi","242"
"python","machine-learning","241"
"python","tensorflow","237"
"python","pip","226"
"python","sqlalchemy","204"
"python","web-scraping","190"
"python","azure","189"
"python","docker","184"
"python","scipy","180"
"python","python-asyncio","176"
"python","windows","172"
"python","jupyter-notebook","169"
"python","pytest","165"
"python","pyspark","152"
"python","langchain","147"
"python","opencv","137"
"python","postgresql","135"
"python","plotly","133"
"python","large-language-model","125"
"python","deep-learning","120"
"python","json","119"
"python","pydantic","118"
"python","keras","117"
"python","html","114"
"python","arrays","111"
"python","uv","110"
"python","mypy","109"
"python","list","107"
"python","pycharm","106"
"python","streamlit","106"
"python","multithreading","104"
"python","algorithm","102"
"python","excel","102"
"python","python-requests","96"
"python","amazon-web-services","96"
"python","multiprocessing","96"
"python","linux","94"
"python","macos","92"
"python","artificial-intelligence","92"
"python","javascript","92"
"python","huggingface-transformers","91"
"python","csv","88"
"python","computer-vision","85"
"python","sympy","83"
"python","pyinstaller","83"
"python","apache-spark","81"
"python","airflow","79"
"python","pyright","78"
"python","conda","78"
"python","scikit-learn","76"
"python","azure-functions","74"
"python","databricks","73"
"python","playwright","71"
"python","optimization","71"
"python","pdf","71"
"python","google-cloud-platform","71"
"python","subprocess","70"
"python","dictionary","70"
"python","math","69"
"python","kivy","68"
"python","selenium-chromedriver","68"
"python","pyqt","67"
"python","regex","67"
"python","performance","67"
"python","image-processing","66"
"python","debugging","66"
"python","google-colaboratory","66"
"python","beautifulsoup","66"
"python","pyside6","65"
"python","c++","65"
"python","seaborn","64"
"python","logging","64"
"python","jax","63"
"python","datetime","62"
"python","django-rest-framework","61"
"python","string","61"
"python","sqlite","61"
"python","pyqt6","59"
"python","langgraph","59"
"python","nlp","58"
"python","python-imaging-library","58"
"python","sql","57"
"python","user-interface","54"
"python","playwright-python","54"
"python","qt","53"
"python","automation","52"
"python","celery","52"
"rust","rust-cargo","81"
"rust","borrow-checker","55"
"rust","lifetime","51"
"rust","rust-tokio","50"
"rust","rust-polars","38"
"rust","traits","32"
"rust","serde","30"
"rust","multithreading","29"
"rust","iterator","27"
"rust","rust-axum","27"
"rust","generics","26"
"rust","asynchronous","23"
"rust","tauri","19"
"rust","actix-web","18"
"rust","enums","16"
"rust","rust-diesel","16"
"rust","unsafe","16"
"rust","polars","15"
"rust","rust-macros","15"
"rust","linux","15"
"rust","types","15"
"rust","bevy","14"
"rust","windows","14"
"rust","webassembly","14"
"rust","reference","13"
"rust","python-polars","12"
"rust","ffi","12"
"rust","async-await","12"
"rust","c","11"
"rust","string","11"
"rust","ownership","11"
"rust","vector","11"
"rust","python","11"
"rust","docker","11"
"rust","pointers","11"
"rust","json","10"
"rust","testing","10"
"rust","parsing","10"
"rust","embedded","10"
"rust","hashmap","9"
"rust","struct","9"
"rust","gtk4","9"
"rust","slice","9"
"rust","closures","9"
"rust","riscv","9"
"rust","rust-sqlx","9"
"rust","solana","9"
"rust","compiler-errors","9"
"rust","undefined-behavior","9"
"rust","macos","9"
"rust","macros","9"
"rust","rust-analyzer","9"
"rust","pyo3","8"
"rust","memory-management","8"
"rust","clap","8"
"rust","postgresql","8"
"rust","android","8"
"rust","arrays","8"
"rust","rust-tonic","7"
"rust","rust-iced","7"
"rust","language-lawyer","7"
"rust","visual-studio-code","7"
"rust","tauri-2","7"
"rust","benchmarking","7"
"rust","c++","7"
"rust","design-patterns","7"
"rust","sea-orm","7"
"rust","network-programming","7"
"rust","dataframe","7"
"rust","assembly","7"
"rust","concurrency","7"
"rust","ebpf","6"
"rust","rust-no-std","6"
"rust","trait-objects","6"
"rust","rayon","6"
"rust","performance","6"
"rust","parallel-processing","6"
"rust","loops","6"
"rust","linker","6"
"rust","wasm-bindgen","6"
"rust","cross-compiling","6"
"rust","kernel","5"
"rust","future","5"
"rust","graphics","5"
"rust","scope","5"
"rust","atomic","5"
"rust","linux-kernel","5"
"rust","leptos","5"
"rust","rust-wasm","5"
"rust","java","5"
"rust","operating-system","5"
"rust","mutex","5"
"rust","libp2p","5"
"rust","math","5"
"rust","pattern-matching","5"
"rust","memory","5"
"rust","channel","5"
"rust","polars-plugins","5"
"rust","constants","5"
"rust","javascript","5"
"swift","ios","1036"
"swift","swiftui","848"
"swift","macos","147"
"swift","xcode","141"
"swift","uikit","138"
"swift","swiftdata","73"
"swift","ios26","64"
"swift","swift-concurrency","46"
"swift","flutter","42"
"swift","swift6","41"
"swift","avfoundation","40"
"swift","firebase","40"
"swift","realitykit","37"
"swift","react-native","36"
"swift","iphone","33"
"swift","appkit","33"
"swift","animation","31"
"swift","concurrency","30"
"swift","async-await","26"
"swift","core-data","25"
"swift","objective-c","25"
"swift","combine","24"
"swift","metal","22"
"swift","wkwebview","20"
"swift","scenekit","19"
"swift","swiftui-navigationstack","19"
"swift","liquid-glass","19"
"swift","uicollectionview","18"
"swift","swift-package-manager","18"
"swift","swiftui-list","17"
"swift","generics","16"
"swift","appintents","15"
"swift","swiftui-tabview","15"
"swift","mapkit","15"
"swift","arkit","15"
"swift","accessibility","14"
"swift","widgetliveactivity","14"
"swift","arrays","14"
"swift","camera","14"
"swift","audio","13"
"swift","urlsession","13"
"swift","uitableview","13"
"swift","cocoa","12"
"swift","google-cloud-firestore","12"
"swift","widget","12"
"swift","scrollview","12"
"swift","ios18","12"
"swift","push-notification","12"
"swift","cloudkit","12"
"swift","apple-push-notifications","12"
"swift","observable","11"
"swift","uiscrollview","11"
"swift","firebase-authentication","11"
"swift","storekit","11"
"swift","storekit2","11"
"swift","json","11"
"swift","xctest","10"
"swift","mobile","10"
"swift","tvos","10"
"swift","actor","10"
"swift","carplay","10"
"swift","swiftui-scrollview","10"
"swift","widgetkit","10"
"swift","c++","9"
"swift","swiftui-navigationlink","9"
"swift","codable","9"
"swift","swiftui-sheet","9"
"swift","uinavigationbar","9"
"swift","unit-testing","9"
"swift","uitextfield","8"
"swift","xcframework","8"
"swift","uiview","8"
"swift","sprite-kit","8"
"swift","xcode16","8"
"swift","charts","8"
"swift","vapor","8"
"swift","uibutton","8"
"swift","in-app-purchase","8"
"swift","core-audio","8"
"swift","watchos","8"
"swift","visionos","7"
"swift","cocoapods","7"
"swift","swift-macro","7"
"swift","swiftui-charts","7"
"swift","sendable","7"
"swift","swift-testing","7"
"swift","admob","7"
"swift","avplayer","7"
"swift","toolbar","7"
"swift","enums","7"
"swift","uiviewcontroller","7"
"swift","kotlin","7"
"swift","core-graphics","7"
"swift","core-image","7"
"swift","core-location","7"
"swift","expo","7"
"swift","tipkit","6"
"swift","screencapturekit","6"
"swift","keyboard","6"
"swift","alamofire","6"
"typescript","javascript","580"
"typescript","angular","517"
"typescript","reactjs","502"
"typescript","next.js","290"
"typescript","node.js","274"
"typescript","react-native","133"
"typescript","typescript-generics","123"
"typescript","nestjs","103"
"typescript","vite","82"
"typescript","html","80"
"typescript","vue.js","77"
"typescript","visual-studio-code","67"
"typescript","angular-signals","64"
"typescript","express","60"
"typescript","expo","59"
"typescript","zod","53"
"typescript","jestjs","51"
"typescript","types","51"
"typescript","playwright","47"
"typescript","rxjs","47"
"typescript","css","45"
"typescript","prisma","44"
"typescript","npm","41"
"typescript","tailwind-css","40"
"typescript","eslint","38"
"typescript","webpack","37"
"typescript","vuejs3","37"
"typescript","material-ui","36"
"typescript","generics","35"
"typescript","react-hook-form","31"
"typescript","angular-material","31"
"typescript","firebase","30"
"typescript","angular19","29"
"typescript","typeorm","29"
"typescript","electron","28"
"typescript","postgresql","28"
"typescript","nuxt.js","26"
"typescript","svelte","26"
"typescript","monorepo","24"
"typescript","next-auth","24"
"typescript","mongodb","23"
"typescript","tsconfig","22"
"typescript","vscode-extensions","22"
"typescript","axios","21"
"typescript","vitest","21"
"typescript","react-typescript","21"
"typescript","primeng","20"
"typescript","unit-testing","20"
"typescript","vercel","19"
"typescript","type-inference","19"
"typescript","mongoose","19"
"typescript","supabase","19"
"typescript","graphql","19"
"typescript","ts-jest","18"
"typescript","amazon-web-services","18"
"typescript","json","18"
"typescript","es6-modules","17"
"typescript","arrays","17"
"typescript","typescript-eslint","16"
"typescript","server-side-rendering","16"
"typescript","nuxt3.js","16"
"typescript","playwright-typescript","15"
"typescript","authentication","15"
"typescript","shadcnui","15"
"typescript","jwt","14"
"typescript","ios","14"
"typescript","android","14"
"typescript","frontend","14"
"typescript","enums","14"
"typescript","google-chrome-extension","14"
"typescript","playwright-test","14"
"typescript","ag-grid","14"
"typescript","union-types","14"
"typescript","testing","14"
"typescript","angular-reactive-forms","13"
"typescript","drizzle","13"
"typescript","angular-httpclient","13"
"typescript","aws-cdk","13"
"typescript","google-cloud-firestore","13"
"typescript","angular20","12"
"typescript","promise","12"
"typescript","websocket","12"
"typescript","sequelize.js","12"
"typescript","ts-node","12"
"typescript","tsx","12"
"typescript","turborepo","12"
"typescript","orm","12"
"typescript","next.js15","12"
"typescript","deno","12"
"typescript","inheritance","11"
"typescript","signals","11"
"typescript","bun","11"
"typescript","azure","11"
"typescript","ngrx","11"
"typescript","aws-lambda","11"
"typescript","asynchronous","11"
"typescript","debugging","11"
"typescript","pnpm","11"
"typescript","routes","11"
"typescript","import","11"